unit,occurrence_count,occurrence_pct,K_wt_pct_mean,K_wt_pct_sd,U_ppm_mean,U_ppm_sd,Th_ppm_mean,Th_ppm_sd,source,notes,heat_microW_m3,h2_all_energy_nmol_m3_yr,h2_calibrated_nmol_m3_yr,effective_attenuation_fraction,h2_1Myr_mmol_m3_rock,closed_gas_pressure_bar_1Myr,dissolved_equiv_pressure_atm_1Myr
Granodiorite,142,55,2.1,0.58,1.56,1.07,7.05,3.49,nwmo_mapping_2017,Dominant surface intrusive lithology; mapped Revell-area statistics.,1.06951152,1574.0892464857782,1.584461511111111,0.0010065893751885348,1.5844615111111113,0.008289339579942274,0.4514135359290915
Tonalite,98,36,1.43,0.31,1.33,1.14,6.14,2.53,nwmo_mapping_2017,Common granitoid lithology in Revell mapping.,0.88728024,1305.8842829512676,1.3144892444444447,0.0010065893751885352,1.3144892444444447,0.006876940616715081,0.37449836024058253
Granite,46,18,3.2,0.47,2.67,1.87,12.2,4.68,nwmo_mapping_2017,Higher U-Th-K felsic end-member; useful sensitivity case.,1.80311824,2653.799401549562,2.6712862814814815,0.001006589375188535,2.6712862814814815,0.013975220569992414,0.7610502226442967
Diorite-quartz diorite,9,4,0.91,0.22,0.83,0.42,4.6,2.06,nwmo_mapping_2017,Mafic-intermediate intrusive sensitivity case.,0.6076610400000001,894.3454003864908,0.9002385777777779,0.001006589375188535,0.900238577777778,0.004709728334726948,0.2564782272871162
Revell borehole mean,93,97,2.079,,2.081,,5.247,,villamizar_2024_arma,Whole-rock borehole mean used as the reference heat-production and radiolysis calibration case.,1.076724376,1584.70500784387,1.5951472237037037,0.0010065893751885352,1.5951472237037037,0.008345243431006191,0.45445789849108364
